{
  "publicPath": "/",
  "all": [
    "css/main.375e1f73.css",
    "favicon.ico",
    "index.html",
    "js/chunk-2d0a4b82.80220a81.js",
    "js/chunk-2d0a4b82.80220a81.js.map",
    "js/chunk-2d21350c.f06fc27d.js",
    "js/chunk-2d21350c.f06fc27d.js.map",
    "js/chunk-vendors.db17275a.js",
    "js/chunk-vendors.db17275a.js.map",
    "js/main.247cd528.js",
    "js/main.247cd528.js.map"
  ],
  "initial": [
    "js/chunk-vendors.db17275a.js",
    "css/main.375e1f73.css",
    "js/main.247cd528.js"
  ],
  "async": [
    "js/chunk-2d0a4b82.80220a81.js",
    "js/chunk-2d21350c.f06fc27d.js"
  ],
  "modules": {
    "3221fdaa": [
      0,
      9,
      -1,
      10
    ],
    "9442eeca": [
      7,
      8
    ],
    "8884f510": [
      3,
      4
    ],
    "64b2c2d7": [
      7,
      8
    ],
    "30f3d4ae": [
      7,
      8
    ],
    "2f14522c": [
      0,
      9,
      -1,
      10
    ],
    "8be6676c": [
      7,
      8
    ],
    "2dc4561e": [
      7,
      8
    ],
    "382484d8": [
      7,
      8
    ],
    "dacb9b2e": [
      0,
      9,
      -1,
      10
    ],
    "2a875108": [
      7,
      8
    ],
    "2f63aa08": [
      7,
      8
    ],
    "247ecb52": [
      7,
      8
    ],
    "fe8fb21c": [
      7,
      8
    ],
    "030a8de0": [
      7,
      8
    ],
    "fc199956": [
      7,
      8
    ],
    "f47317be": [
      7,
      8
    ],
    "42b21b4b": [
      7,
      8
    ],
    "727f602c": [
      7,
      8
    ],
    "52e70fe0": [
      7,
      8
    ],
    "5090e8f1": [
      7,
      8
    ],
    "b47afe46": [
      7,
      8
    ],
    "30f46f45": [
      7,
      8
    ],
    "5e643b4b": [
      7,
      8
    ],
    "806b8d7e": [
      7,
      8
    ],
    "41fa6abc": [
      7,
      8
    ],
    "81acf6aa": [
      7,
      8
    ],
    "25d0edba": [
      7,
      8
    ],
    "13194d57": [
      7,
      8
    ],
    "37e7e8fc": [
      7,
      8
    ],
    "750fb0f0": [
      7,
      8
    ],
    "71b3313a": [
      7,
      8
    ],
    "2cd77628": [
      0,
      9,
      -1,
      10
    ],
    "63c41bf6": [
      7,
      8
    ],
    "1dae7fa6": [
      7,
      8
    ],
    "67b0303e": [
      7,
      8
    ],
    "41bb5ae2": [
      7,
      8
    ],
    "d9e39a9a": [
      7,
      8
    ],
    "f87a1f28": [
      7,
      8
    ],
    "5bd2be7a": [
      7,
      8
    ],
    "5e82c56d": [
      7,
      8
    ],
    "5859c3d1": [
      7,
      8
    ],
    "3c3cd58e": [
      7,
      8
    ],
    "92aca964": [
      7,
      8
    ],
    "45d6af80": [
      7,
      8
    ],
    "28ee085d": [
      7,
      8
    ],
    "68dbd314": [
      7,
      8
    ],
    "00be843a": [
      7,
      8
    ],
    "3bb51746": [
      7,
      8
    ],
    "543e3ac2": [
      7,
      8
    ],
    "7b652478": [
      7,
      8
    ],
    "2531b474": [
      7,
      8
    ],
    "3fcde191": [
      7,
      8
    ],
    "4087313e": [
      7,
      8
    ],
    "50df8d24": [
      7,
      8
    ],
    "282d390c": [
      7,
      8
    ],
    "71c6ebaa": [
      7,
      8
    ],
    "7713b79a": [
      7,
      8
    ],
    "280e6b47": [
      7,
      8
    ],
    "54cafb60": [
      7,
      8
    ],
    "53df1d0c": [
      7,
      8
    ],
    "7ae2ed7b": [
      5,
      6
    ],
    "2c67d131": [
      7,
      8
    ],
    "87ebd7fc": [
      7,
      8
    ],
    "19f2b4a4": [
      7,
      8
    ],
    "52aff2ec": [
      7,
      8
    ],
    "6ef2ae5b": [
      7,
      8
    ],
    "528b7c63": [
      7,
      8
    ],
    "4a9f386c": [
      7,
      8
    ],
    "dad6474a": [
      7,
      8
    ],
    "70a3e129": [
      7,
      8
    ],
    "b2d90cac": [
      7,
      8
    ],
    "356e927f": [
      7,
      8
    ],
    "414654fe": [
      7,
      8
    ],
    "47fd3c12": [
      7,
      8
    ],
    "e5c731bc": [
      7,
      8
    ],
    "1d80eb54": [
      7,
      8
    ],
    "383279ac": [
      7,
      8
    ],
    "16be03d6": [
      7,
      8
    ],
    "59dceb90": [
      7,
      8
    ]
  }
}